image_path,plate_text,plate_region
eu1/train/SRG4104.png,SRG4104,Unknown
eu1/train/KR336P.png,KR336P,Unknown
eu1/test/DRP375.png,DRP375,Unknown
eu1/train/CX471YT.jpg,CX471YT,Unknown
eu2/crops/test_071.jpg,1Z75233,Unknown
eu1/train/FP190SM.jpg,FP190SM,Unknown
eu1/val/DB001AX.jpg,DB001AX,Unknown
eu1/train/DUS170.png,DUS170,Unknown
eu1/train/0310CRG.png,0310CRG,Unknown
eu1/train/EV326XY.jpg,EV326XY,Unknown
eu1/train/3372HKW.png,3372HKW,Unknown
eu2/crops/test_065.jpg,4BO4979,Unknown
eu1/train/32LZ43.png,32LZ43,Unknown
eu1/train/DL076WT.jpg,DL076WT,Unknown
eu1/train/BR16MOC.png,BR16MOC,Unknown
eu2/crops/test_090.jpg,RK550AO,Unknown
eu1/train/L7855.png,L7855,Unknown
eu2/crops/test_037.jpg,RK260AR,Unknown
eu1/train/1OYD682.png,1OYD682,Unknown
eu1/train/TMD038.png,TMD038,Unknown
eu1/val/FC950FN.jpg,FC950FN,Unknown
eu1/train/B577PRO.png,B577PRO,Unknown
eu1/train/KC636D0.png,KC636D0,Unknown
eu1/train/DQ824BE.png,DQ824BE,Unknown
eu2/crops/test_085.jpg,RK959AD,Unknown
eu2/crops/test_057.jpg,RK300AS,Unknown
eu1/test/MH49XK.png,MH49XK,Unknown
eu1/train/BS45640_1.png,BS45640,Unknown
eu1/val/FR452RD.jpg,FR452RD,Unknown
eu1/train/BMW6220.png,BMW6220,Unknown
eu2/crops/test_056.jpg,RK3OOAG,Unknown
eu1/train/DD178TV.jpg,DD178TV,Unknown
eu1/test/EQ725QJ.jpg,EQ725QJ,Unknown
eu2/crops/test_005.jpg,TS260AK,Unknown
eu1/train/CQ699FC.jpg,CQ699FC,Unknown
eu1/test/N1966.png,N1966,Unknown
eu1/train/BTF857H.png,BTF857H,Unknown
eu1/test/AB323VJ.png,AB323VJ,Unknown
eu1/val/B68SPK_1.png,B68SPK,Unknown
eu1/train/VT884BP.png,VT884BP,Unknown
eu1/train/AA601DQ.png,AA601DQ,Unknown
eu1/train/CA213ZN.jpg,CA213ZN,Unknown
eu1/train/FN979XC.jpg,FN979XC,Unknown
eu1/train/B152FTO.png,B152FTO,Unknown
eu1/train/FS100VH.jpg,FS100VH,Unknown
eu1/train/PR24246.png,PR24246,Unknown
eu1/train/SPO7211.JPG,SPO7211,Unknown
eu1/train/AP819FK.jpg,AP819FK,Unknown
eu2/crops/test_054.jpg,RK262AH,Unknown
eu2/crops/test_048.jpg,RK161AG,Unknown
eu1/train/LE04EVW.png,LE04EVW,Unknown
eu1/train/DS051CD.png,DS051CD,Unknown
eu2/crops/test_029.jpg,LM010BE,Unknown
eu1/val/FD2107H.png,FD2107H,Unknown
eu1/train/FP494ML.jpg,FP494ML,Unknown
eu1/train/04WH3753.png,04WH3753,Unknown
eu1/train/DY323ZC.jpg,DY323ZC,Unknown
eu2/crops/test_013.jpg,RK857AI,Unknown
eu1/train/BS897PN.png,BS897PN,Unknown
eu1/train/BMJ9855.png,BMJ9855,Unknown
eu1/val/BC542TT.jpg,BC542TT,Unknown
eu2/crops/test_072.jpg,4B39376,Unknown
eu2/crops/test_015.jpg,RK019AF,Unknown
eu1/train/SUFF170.JPG,SUFF170,Unknown
eu1/train/NTH299.png,NTH299,Unknown
eu1/train/FH746CT.jpg,FH746CT,Unknown
eu2/crops/test_003.jpg,SI819AK,Unknown
eu1/test/SLF9995.png,SLF9995,Unknown
eu1/train/W386BX.png,W386BX,Unknown
eu1/train/G98085.png,G98085,Unknown
eu1/train/EJ494BR.png,EJ494BR,Unknown
eu2/crops/test_051.jpg,RK6O5AB,Unknown
eu1/train/CF058NS.jpg,CF058NS,Unknown
eu1/val/B0I9374.png,B0I9374,Unknown
eu1/train/EC010PW.jpg,EC010PW,Unknown
eu1/train/T399JBH_1.png,T399JBH,Unknown
eu2/crops/test_038.jpg,RK340AO,Unknown
eu1/train/DA424BH.png,DA424BH,Unknown
eu1/train/07KE10361.png,07KE10361,Unknown
eu1/val/812AYS06.jpg,812AYS06,Unknown
eu1/train/CM855DY.png,CM855DY,Unknown
eu1/train/MF01444.png,MF01444,Unknown
eu1/train/DN419NG.jpg,DN419NG,Unknown
eu1/val/FR199739_1.png,FR199739,Unknown
eu1/train/CH366BX.jpg,CH366BX,Unknown
eu1/train/IF18YMH.png,IF18YMH,Unknown
eu1/train/SG59711.png,SG59711,Unknown
eu1/train/BJ202ZP.jpg,BJ202ZP,Unknown
eu1/train/VEL923.png,VEL923,Unknown
eu1/train/VS236891.png,VS236891,Unknown
eu1/train/5951FPF.png,5951FPF,Unknown
eu1/train/CJ447RV.jpg,CJ447RV,Unknown
eu1/train/KPPIRAN5.png,KPPIRAN5,Unknown
eu1/train/779PRA75.jpg,779PRA75,Unknown
eu1/train/AA508ST.png,AA508ST,Unknown
eu1/train/ZZ7099.png,ZZ7099,Unknown
eu1/train/97C17149.png,97C17149,Unknown
eu1/train/GE1176_1.png,GE1176,Unknown
eu1/val/ER401KA.jpg,ER401KA,Unknown
eu1/train/84R2712A_1.png,84R2712A,Unknown
eu1/test/ES484LJ.jpg,ES484LJ,Unknown
eu2/crops/test_028.jpg,LM633BD,Unknown
eu1/train/WW291DD.png,WW291DD,Unknown
eu1/train/FS153BW.jpg,FS153BW,Unknown
eu1/test/SG49711.png,SG49711,Unknown
eu1/train/DQ040VP.jpg,DQ040VP,Unknown
eu1/train/BL33635_1.png,BL33635,Unknown
eu1/train/AAAA111.JPG,AAAA111,Unknown
eu1/train/72WFRV.png,72WFRV,Unknown
eu1/train/BA065FT.jpg,BA065FT,Unknown
eu1/train/LL2134.png,LL2134,Unknown
eu1/train/FR192CN.jpg,FR192CN,Unknown
eu1/train/GR69681.png,GR69681,Unknown
eu1/train/JHJ70D.png,JHJ70D,Unknown
eu1/train/BRL702.png,BRL702,Unknown
eu1/train/FR199739.png,FR199739,Unknown
eu1/train/B911BLG_1.png,B911BLG,Unknown
eu1/train/EP396QP.jpg,EP396QP,Unknown
eu1/train/BA0304AC.png,BA0304AC,Unknown
eu1/train/V5543EJ.png,V5543EJ,Unknown
eu1/train/KIS6744.png,KIS6744,Unknown
eu1/val/CR804HW.png,CR804HW,Unknown
eu1/train/B839HAR_1.png,B839HAR,Unknown
eu1/train/ZE264F0.png,ZE264F0,Unknown
eu1/train/AL333SM.jpg,AL333SM,Unknown
eu2/crops/eu8.jpg,WSQ3021,Unknown
eu1/test/2348XR25.jpg,2348XR25,Unknown
eu1/train/CQ159PK.jpg,CQ159PK,Unknown
eu1/train/FC337JE.jpg,FC337JE,Unknown
eu1/train/9148SZ66.jpg,9148SZ66,Unknown
eu1/train/CEH422S.png,CEH422S,Unknown
eu1/train/MUO003.png,MUO003,Unknown
eu1/train/AA6888KI.png,AA6888KI,Unknown
eu2/crops/test_009.jpg,1T43213,Unknown
eu1/train/BE19260.png,BE19260,Unknown
eu1/train/S0A1468.png,S0A1468,Unknown
eu1/train/FS280FV.jpg,FS280FV,Unknown
eu1/test/5658YA22.jpg,5658YA22,Unknown
eu1/train/08BBJ9.png,08BBJ9,Unknown
eu1/train/DE446EP.jpg,DE446EP,Unknown
eu1/train/EZ853XD.jpg,EZ853XD,Unknown
eu1/train/ESS1535.png,ESS1535,Unknown
eu1/train/EZ393CA.jpg,EZ393CA,Unknown
eu2/crops/test_039.jpg,RK892AE,Unknown
eu2/crops/test_064.jpg,BZM2227,Unknown
eu1/train/VSAV88.png,VSAV88,Unknown
eu1/train/IF18YMH_1.png,IF18YMH,Unknown
eu1/train/CG988FL.jpg,CG988FL,Unknown
eu1/train/BL585KE.jpg,BL585KE,Unknown
eu1/train/DB18SCF.png,DB18SCF,Unknown
eu1/train/M2090WM.png,M2090WM,Unknown
eu2/crops/test_019.jpg,RK865AC,Unknown
eu1/train/B305CIL.png,B305CIL,Unknown
eu1/train/9JAG121.png,9JAG121,Unknown
eu1/val/FS244GP.jpg,FS244GP,Unknown
eu1/train/E52CNW.png,E52CNW,Unknown
eu1/train/BF283TX.png,BF283TX,Unknown
eu1/train/DT548KY.png,DT548KY,Unknown
eu1/test/WW921MX.jpg,WW921MX,Unknown
eu2/crops/test_041.jpg,LM025BD,Unknown
eu1/train/33DS71.png,33DS71,Unknown
eu1/test/BA999ZZ.png,BA999ZZ,Unknown
eu1/train/PUS142KP.png,PUS142KP,Unknown
eu1/train/P01229.png,P01229,Unknown
eu1/train/3956ZJ68.jpg,3956ZJ68,Unknown
eu1/train/HHRD41.JPG,HHRD41,Unknown
eu1/val/RE648AE.png,RE648AE,Unknown
eu1/train/G2870D.png,G2870D,Unknown
eu1/val/WUDY993.JPG,WUDY993,Unknown
eu1/train/QCE908.png,QCE908,Unknown
eu1/train/AI20291_1.png,AI20291,Unknown
eu1/train/3H360E.png,3H360E,Unknown
eu1/train/BE850NF.jpg,BE850NF,Unknown
eu2/crops/test_068.jpg,1B19839,Unknown
eu1/train/AY963FL.jpg,AY963FL,Unknown
eu2/crops/test_030.jpg,RK819AM,Unknown
eu1/test/PI36KOG.png,PI36KOG,Unknown
eu1/test/EH577PH.jpg,EH577PH,Unknown
eu1/train/AE014ZH.png,AE014ZH,Unknown
eu1/train/BT091WZ.jpg,BT091WZ,Unknown
eu1/train/EL540EV.jpg,EL540EV,Unknown
eu1/train/AT688KL.jpg,AT688KL,Unknown
eu2/crops/test_035.jpg,BA738DE,Unknown
eu2/crops/test_027.jpg,RK776AI,Unknown
eu1/train/HROD819.JPG,HROD819,Unknown
eu1/val/EX707HV.jpg,EX707HV,Unknown
eu1/train/CRX110.png,CRX110,Unknown
eu2/crops/test_014.jpg,RK576AH,Unknown
eu1/train/MVL422.png,MVL422,Unknown
eu1/test/FR697HF.jpg,FR697HF,Unknown
eu1/train/PG589G.JPG,PG589G,Unknown
eu1/train/LBQB61.png,LBQB61,Unknown
eu2/crops/eu3.jpg,FWE50,Unknown
eu1/val/G1457B_1.png,G1457B,Unknown
eu1/train/ANK7444.png,ANK7444,Unknown
eu1/train/G1457B.png,G1457B,Unknown
eu2/crops/test_076.jpg,4B21875,Unknown
eu1/train/WOBAV151.JPG,WOBAV151,Unknown
eu1/train/BQ708GP.png,BQ708GP,Unknown
eu1/train/CZ743ZY.png,CZ743ZY,Unknown
eu1/train/FA485KS.jpg,FA485KS,Unknown
eu1/train/KKA9052.png,KKA9052,Unknown
eu1/train/AFZ8924.png,AFZ8924,Unknown
eu1/train/BBHZ1007.png,BBHZ1007,Unknown
eu1/train/FS028DP.jpg,FS028DP,Unknown
eu1/train/CT401KB.jpg,CT401KB,Unknown
eu1/train/AP645VY.jpg,AP645VY,Unknown
eu1/test/TR95XMI_1.png,TR95XMI,Unknown
eu1/train/9089TW22.jpg,9089TW22,Unknown
eu2/crops/test_004.jpg,RK115AN,Unknown
eu1/train/FS938HA.jpg,FS938HA,Unknown
eu1/test/BZ310SW.jpg,BZ310SW,Unknown
eu1/train/VN05SAK.png,VN05SAK,Unknown
eu2/crops/test_096.jpg,RK735AS,Unknown
eu1/train/LBGM3358.png,LBGM3358,Unknown
eu1/train/SG1579.png,SG1579,Unknown
eu1/train/EL902WL.jpg,EL902WL,Unknown
eu1/train/PEM2363.png,PEM2363,Unknown
eu1/train/BS45640.png,BS45640,Unknown
eu1/train/SHB6665.png,SHB6665,Unknown
eu2/crops/test_080.jpg,RK003AB,Unknown
eu1/train/B176WOW.png,B176WOW,Unknown
eu1/train/DW664GT.jpg,DW664GT,Unknown
eu1/train/BE259030_1.png,BE259030,Unknown
eu1/train/71TPR1.png,71TPR1,Unknown
eu1/train/FS827VN.jpg,FS827VN,Unknown
eu1/train/VJ8593.png,VJ8593,Unknown
eu1/train/1AAL547.png,1AAL547,Unknown
eu2/crops/test_073.jpg,3B97236,Unknown
eu1/train/ESCM1106.png,ESCM1106,Unknown
eu1/val/1QAF050.png,1QAF050,Unknown
eu1/train/BM563AP.png,BM563AP,Unknown
eu1/train/RK131F.png,RK131F,Unknown
eu1/train/T3FWS.png,T3FWS,Unknown
eu1/train/GS049NP.png,GS049NP,Unknown
eu2/crops/test_025.jpg,RK896AO,Unknown
eu1/train/BB980NJ.jpg,BB980NJ,Unknown
eu1/train/SAN9689.png,SAN9689,Unknown
eu1/train/ANCL550.png,ANCL550,Unknown
eu1/val/BR07AAC_2.png,BR07AAC,Unknown
eu1/train/9A911D.png,9A911D,Unknown
eu1/train/BN840DD.png,BN840DD,Unknown
eu1/val/5126HVL.png,5126HVL,Unknown
eu1/train/D042652.png,D042652,Unknown
eu2/crops/test_058.jpg,RK485AF,Unknown
eu1/train/BF058NY.jpg,BF058NY,Unknown
eu1/train/BAXA506.png,BAXA506,Unknown
eu1/train/236M125.png,236M125,Unknown
eu1/train/LM5399.png,LM5399,Unknown
eu1/train/HKH2245.png,HKH2245,Unknown
eu1/train/TR05RGB.jpg,TR05RGB,Unknown
eu1/train/DT0505.png,DT0505,Unknown
eu2/crops/test_095.jpg,NO626AT,Unknown
eu1/train/FCK469.png,FCK469,Unknown
eu1/train/CQ378MH.jpg,CQ378MH,Unknown
eu1/train/INA6310.JPG,INA6310,Unknown
eu1/test/LBHT71.png,LBHT71,Unknown
eu1/train/KSC124.png,KSC124,Unknown
eu1/train/BAXB500.png,BAXB500,Unknown
eu1/train/G8360B.png,G8360B,Unknown
eu1/train/BR07AAC_1.png,BR07AAC,Unknown
eu1/train/BB128ZB.jpg,BB128ZB,Unknown
eu1/train/B96TRH.png,B96TRH,Unknown
eu1/train/FOW653.png,FOW653,Unknown
eu1/train/BS398KW.jpg,BS398KW,Unknown
eu1/val/BA006NR.png,BA006NR,Unknown
eu1/test/HDNE8880.png,HDNE8880,Unknown
eu1/train/2330GY90.jpg,2330GY90,Unknown
eu1/train/GAJ169.JPG,GAJ169,Unknown
eu1/train/DH058PS.jpg,DH058PS,Unknown
eu1/train/MDPC1249.png,MDPC1249,Unknown
eu1/test/IICE3083.png,IICE3083,Unknown
eu1/train/BJ604SB.jpg,BJ604SB,Unknown
eu1/val/SWR104.png,SWR104,Unknown
eu1/test/CK0511.png,CK0511,Unknown
eu1/train/B57RCH.png,B57RCH,Unknown
eu1/train/FH785HT.jpg,FH785HT,Unknown
eu1/train/ES465EA.jpg,ES465EA,Unknown
eu1/train/8185ZS30.png,8185ZS30,Unknown
eu1/train/AV812LT.png,AV812LT,Unknown
eu1/val/DKL5E12.png,DKL5E12,Unknown
eu1/train/3233YG30.png,3233YG30,Unknown
eu1/test/B961TAG.png,B961TAG,Unknown
eu1/train/CA188VG.jpg,CA188VG,Unknown
eu1/val/EH003HT.jpg,EH003HT,Unknown
eu1/train/B58DTK.png,B58DTK,Unknown
eu1/train/SB90TZI_1.png,SB90TZI,Unknown
eu1/train/M9852.png,M9852,Unknown
eu1/val/MA5320AZ.png,MA5320AZ,Unknown
eu1/train/Y932DGP.png,Y932DGP,Unknown
eu1/train/BM040RK.jpg,BM040RK,Unknown
eu1/train/381ATK83.png,381ATK83,Unknown
eu2/crops/test_010.jpg,RK248AH,Unknown
eu1/train/84R2712A.png,84R2712A,Unknown
eu1/train/1484ZM30.png,1484ZM30,Unknown
eu1/train/BH66597.png,BH66597,Unknown
eu1/train/43TFQ92.png,43TFQ92,Unknown
eu1/train/BH815JR.jpg,BH815JR,Unknown
eu1/train/9551WA64.jpg,9551WA64,Unknown
eu1/train/75N1960G_1.png,75N1960G,Unknown
eu1/train/PEK2023.png,PEK2023,Unknown
eu1/train/BB683JP.png,BB683JP,Unknown
eu1/train/5122WQ06.jpg,5122WQ06,Unknown
eu1/train/QAAN006.png,QAAN006,Unknown
eu2/crops/eu6.jpg,WOBVWMK4,Unknown
eu1/train/B111TXS.png,B111TXS,Unknown
eu1/train/9JAG121_1.png,9JAG121,Unknown
eu1/train/B99BNX.png,B99BNX,Unknown
eu1/train/FM264CL.jpg,FM264CL,Unknown
eu1/train/UUP216.png,UUP216,Unknown
eu1/train/IF99STK.png,IF99STK,Unknown
eu1/train/EM997GY.jpg,EM997GY,Unknown
eu1/train/SLA789.png,SLA789,Unknown
eu1/train/TR05YPP_1.png,TR05YPP,Unknown
eu2/crops/test_024.jpg,RKO26AJ,Unknown
eu1/train/VH13609.png,VH13609,Unknown
eu1/train/B90MYU.png,B90MYU,Unknown
eu1/train/E59J262.png,E59J262,Unknown
eu1/train/20CEY44.jpg,20CEY44,Unknown
eu1/train/FS319DF.jpg,FS319DF,Unknown
eu1/train/5675858.png,5675858,Unknown
eu1/val/SJJ201.png,SJJ201,Unknown
eu1/val/LBXI1024.png,LBXI1024,Unknown
eu2/crops/test_023.jpg,RK612AL,Unknown
eu1/train/1GFZ461.png,1GFZ461,Unknown
eu1/train/CG673BQ.jpg,CG673BQ,Unknown
eu1/train/MAP7563.JPG,MAP7563,Unknown
eu1/train/QJ9905.png,QJ9905,Unknown
eu1/train/EVF960.png,EVF960,Unknown
eu1/train/NDNH12.png,NDNH12,Unknown
eu1/train/3307WWA84.png,3307WWA84,Unknown
eu1/train/FG393BF.jpg,FG393BF,Unknown
eu1/train/RUDCN890.JPG,RUDCN890,Unknown
eu1/test/PH20CNP.png,PH20CNP,Unknown
eu1/test/BL654BP.png,BL654BP,Unknown
eu1/train/SZ60653.png,SZ60653,Unknown
eu1/test/WANNE685.JPG,WANNE685,Unknown
eu1/train/54JXF8.png,54JXF8,Unknown
eu1/train/DK752QM.jpg,DK752QM,Unknown
eu1/train/XTJ842.png,XTJ842,Unknown
eu2/crops/test_040.jpg,RK101AO,Unknown
eu2/crops/test_092.jpg,RK373AK,Unknown
eu1/train/EC431DC.jpg,EC431DC,Unknown
eu1/train/3233YG30_1.png,3233YG30,Unknown
eu1/train/B68SPK.png,B68SPK,Unknown
eu2/crops/eu1.jpg,M5XSX,Unknown
eu1/train/ACJ1698.png,ACJ1698,Unknown
eu1/train/SLSC56.JPG,SLSC56,Unknown
eu1/train/OS186DN.png,OS186DN,Unknown
eu1/test/Z3010AZ.png,Z3010AZ,Unknown
eu1/train/CE7569AT.png,CE7569AT,Unknown
eu1/val/B201TXM.png,B201TXM,Unknown
eu2/crops/test_001.jpg,PP587AO,Unknown
eu1/train/W584RP.png,W584RP,Unknown
eu1/train/BE800HG.png,BE800HG,Unknown
eu1/train/DB999EM.jpg,DB999EM,Unknown
eu1/test/FS633TK.jpg,FS633TK,Unknown
eu2/crops/test_088.jpg,LM169AM,Unknown
eu1/train/TV00007.png,TV00007,Unknown
eu1/train/EV070QS.jpg,EV070QS,Unknown
eu1/train/B98LPM.png,B98LPM,Unknown
eu1/train/CS903QC.jpg,CS903QC,Unknown
eu1/train/DOHAPE1.png,DOHAPE1,Unknown
eu2/crops/test_022.jpg,RK875AE,Unknown
eu2/crops/test_062.jpg,1B80338,Unknown
eu2/crops/test_021.jpg,RK855AP,Unknown
eu1/train/FP999JB.jpg,FP999JB,Unknown
eu1/train/LG9.JPG,LG9,Unknown
eu1/train/IF82EVA.png,IF82EVA,Unknown
eu1/train/MBDT781.JPG,MBDT781,Unknown
eu1/train/LA5079.JPG,LA5079,Unknown
eu1/train/DD256CG.jpg,DD256CG,Unknown
eu1/train/AK685FJ.jpg,AK685FJ,Unknown
eu1/train/FR931PX.jpg,FR931PX,Unknown
eu1/train/EK034FF.jpg,EK034FF,Unknown
eu1/train/FK682NW.jpg,FK682NW,Unknown
eu1/train/VA6811T.png,VA6811T,Unknown
eu1/train/EA698EC.jpg,EA698EC,Unknown
eu1/train/B121PHD_1.png,B121PHD,Unknown
eu1/train/4293HF.png,4293HF,Unknown
eu1/train/B198FLN.png,B198FLN,Unknown
eu1/test/B225RTK.png,B225RTK,Unknown
eu1/train/CJ300YS.jpg,CJ300YS,Unknown
eu1/train/DP92OCN.png,DP92OCN,Unknown
eu1/train/G6620A.png,G6620A,Unknown
eu1/test/5B40001.png,5B40001,Unknown
eu2/crops/eu10.jpg,WA56660,Unknown
eu1/train/BK308GQ.jpg,BK308GQ,Unknown
eu2/crops/test_070.jpg,2T40211,Unknown
eu1/train/PP33556.png,PP33556,Unknown
eu1/train/BQ670QB.png,BQ670QB,Unknown
eu1/train/2417GSM.png,2417GSM,Unknown
eu1/train/BE259030.png,BE259030,Unknown
eu1/train/KRA99913.png,KRA99913,Unknown
eu1/test/CN498JC.png,CN498JC,Unknown
eu1/val/ESDD406.png,ESDD406,Unknown
eu1/train/ESTG27.png,ESTG27,Unknown
eu1/train/W31491N.png,W31491N,Unknown
eu1/train/G8772B.png,G8772B,Unknown
eu1/train/BLAM414.png,BLAM414,Unknown
eu1/train/G666CD.png,G666CD,Unknown
eu1/train/N50IFSP_1.png,N50IFSP,Unknown
eu1/train/1218ZD25.jpg,1218ZD25,Unknown
eu1/train/FP193RQ.jpg,FP193RQ,Unknown
eu1/train/KWG107.png,KWG107,Unknown
eu1/train/VD454490.png,VD454490,Unknown
eu1/train/SR11979.png,SR11979,Unknown
eu1/train/JEE09.png,JEE09,Unknown
eu1/train/DR337TM.png,DR337TM,Unknown
eu1/train/SYK63.png,SYK63,Unknown
eu1/train/GBR00F1.png,GBR00F1,Unknown
eu1/train/FC074ZF.jpg,FC074ZF,Unknown
eu1/train/TG14106.png,TG14106,Unknown
eu1/train/97WW755.png,97WW755,Unknown
eu1/train/P0A3239.png,P0A3239,Unknown
eu1/train/EY728WJ.jpg,EY728WJ,Unknown
eu1/test/YB75711.png,YB75711,Unknown
eu1/train/AP666TQ.jpg,AP666TQ,Unknown
eu1/train/9348BN.png,9348BN,Unknown
eu1/val/G866969.png,G866969,Unknown
eu1/val/ED412RZ.jpg,ED412RZ,Unknown
eu1/train/SE8517BW.png,SE8517BW,Unknown
eu1/train/SGE6783.png,SGE6783,Unknown
eu1/train/30VBX7.png,30VBX7,Unknown
eu1/test/1033IR.png,1033IR,Unknown
eu1/train/CT038ZN.png,CT038ZN,Unknown
eu1/test/VI496AN.png,VI496AN,Unknown
eu1/train/C04279Y.png,C04279Y,Unknown
eu1/train/BW716WH.jpg,BW716WH,Unknown
eu1/train/BT254HA.jpg,BT254HA,Unknown
eu1/train/ZDT923.png,ZDT923,Unknown
eu1/test/MWWK908.png,MWWK908,Unknown
eu2/crops/eu7.jpg,VW4X4WP,Unknown
eu1/train/SCS635.png,SCS635,Unknown
eu1/train/WOBVR142.JPG,WOBVR142,Unknown
eu1/test/ANAL334.png,ANAL334,Unknown
eu1/train/AH004FEZ.png,AH004FEZ,Unknown
eu1/train/FN536TH.jpg,FN536TH,Unknown
eu1/train/1484ZM30.jpeg,1484ZM30,Unknown
eu1/val/B61RCV.png,B61RCV,Unknown
eu1/test/B13GWF.png,B13GWF,Unknown
eu1/train/DQ200PB.png,DQ200PB,Unknown
eu1/train/SMB2078.JPG,SMB2078,Unknown
eu1/train/B144MOS.png,B144MOS,Unknown
eu1/train/TR05RBG.png,TR05RBG,Unknown
eu1/test/FL986ZT.jpg,FL986ZT,Unknown
eu1/train/CE8670AX.png,CE8670AX,Unknown
eu1/train/XNP5042.png,XNP5042,Unknown
eu1/train/MD484DO.png,MD484DO,Unknown
eu1/train/FB487GN.jpg,FB487GN,Unknown
eu1/train/RA5366.png,RA5366,Unknown
eu1/val/6402VH25.jpg,6402VH25,Unknown
eu1/val/NMA9007.png,NMA9007,Unknown
eu1/train/SRG105.png,SRG105,Unknown
eu1/train/SBE880.png,SBE880,Unknown
eu2/crops/test_050.jpg,BB135BO,Unknown
eu1/train/252AYF67.png,252AYF67,Unknown
eu1/train/CC221PK.jpg,CC221PK,Unknown
eu1/train/SH36423_1.png,SH36423,Unknown
eu1/train/DJ115AO.png,DJ115AO,Unknown
eu1/train/B96SXV.png,B96SXV,Unknown
eu1/val/SEF311.png,SEF311,Unknown
eu1/train/B95GSV.png,B95GSV,Unknown
eu1/train/1AAL547_1.png,1AAL547,Unknown
eu2/crops/test_066.jpg,BSE5579,Unknown
eu1/train/CX347FC.png,CX347FC,Unknown
eu1/val/ER140CY.jpg,ER140CY,Unknown
eu1/test/KZ746AR.png,KZ746AR,Unknown
eu1/train/BW091AS.png,BW091AS,Unknown
eu1/train/BA493MK.png,BA493MK,Unknown
eu1/val/SBS60.png,SBS60,Unknown
eu2/crops/test_016.jpg,BB751BH,Unknown
eu1/train/NW17700.png,NW17700,Unknown
eu1/train/20319TTW.png,20319TTW,Unknown
eu2/crops/test_081.jpg,RK641AL,Unknown
eu1/train/TR05YPP.png,TR05YPP,Unknown
eu1/train/BL374RT.png,BL374RT,Unknown
eu1/train/CN976MT.jpg,CN976MT,Unknown
eu1/train/BW2172.png,BW2172,Unknown
eu1/train/7418ZE25.jpg,7418ZE25,Unknown
eu1/train/IHN2783.png,IHN2783,Unknown
eu1/train/NNI282.png,NNI282,Unknown
eu1/train/SNG661.png,SNG661,Unknown
eu2/crops/test_067.jpg,1B70440,Unknown
eu1/val/LJDALU04.png,LJDALU04,Unknown
eu1/train/FS246WV.jpg,FS246WV,Unknown
eu1/test/KYM3141.png,KYM3141,Unknown
eu1/train/NRW11.png,NRW11,Unknown
eu2/crops/test_086.jpg,RK376AF,Unknown
eu1/test/AC508V.png,AC508V,Unknown
eu1/val/B69BMA.png,B69BMA,Unknown
eu2/crops/test_017.jpg,RK867AD,Unknown
eu1/train/WOBNP301.JPG,WOBNP301,Unknown
eu1/train/FF486XA.jpg,FF486XA,Unknown
eu1/train/DD454YP.jpg,DD454YP,Unknown
eu1/train/FP773DS.jpg,FP773DS,Unknown
eu1/train/996AHG.png,996AHG,Unknown
eu1/train/B320WTW.png,B320WTW,Unknown
eu1/train/PB046BB.png,PB046BB,Unknown
eu1/train/J68M017.png,J68M017,Unknown
eu1/train/W0T560.png,W0T560,Unknown
eu1/val/MKY7195.png,MKY7195,Unknown
eu1/train/ER888FS.jpg,ER888FS,Unknown
eu1/train/B311ALY_1.png,B311ALY,Unknown
eu2/crops/test_020.jpg,RK906AJ,Unknown
eu1/train/4980BM.png,4980BM,Unknown
eu1/train/B172WAW.png,B172WAW,Unknown
eu1/train/B320WTW_1.png,B320WTW,Unknown
eu1/val/SDS7201.png,SDS7201,Unknown
eu1/train/EYA4798.png,EYA4798,Unknown
eu1/train/B121NCA.png,B121NCA,Unknown
eu1/val/6B90049.png,6B90049,Unknown
eu1/train/FD347FH.jpg,FD347FH,Unknown
eu1/train/HGAA7034.JPG,HGAA7034,Unknown
eu1/val/LAKE10.png,LAKE10,Unknown
eu1/train/W373KE.jpg,W373KE,Unknown
eu2/crops/test_033.jpg,RKO82AL,Unknown
eu1/train/SB90TZI.png,SB90TZI,Unknown
eu1/train/CJ711YG.jpg,CJ711YG,Unknown
eu1/train/AA252WS.jpg,AA252WS,Unknown
eu1/test/AX128FT.png,AX128FT,Unknown
eu1/train/AM113DA.png,AM113DA,Unknown
eu1/test/WW697BH.jpg,WW697BH,Unknown
eu1/train/BR07AAC.png,BR07AAC,Unknown
eu2/crops/test_047.jpg,RK161AG,Unknown
eu1/train/ER803WH.jpg,ER803WH,Unknown
eu1/train/42MR22.png,42MR22,Unknown
eu1/train/SB014882.png,SB014882,Unknown
eu2/crops/eu5.jpg,OYO9FEU,Unknown
eu2/crops/test_091.jpg,RK977AF,Unknown
eu1/train/NA516BN.png,NA516BN,Unknown
eu1/train/50KZ08.png,50KZ08,Unknown
eu1/val/CT038ZN_1.png,CT038ZN,Unknown
eu1/train/9343ZH68.jpg,9343ZH68,Unknown
eu1/train/BQ360YQ.jpg,BQ360YQ,Unknown
eu1/test/EJQ588.png,EJQ588,Unknown
eu1/train/BE609343.png,BE609343,Unknown
eu1/train/AA821PT.png,AA821PT,Unknown
eu1/train/DC165MK.jpg,DC165MK,Unknown
eu1/train/5483648.png,5483648,Unknown
eu1/train/9EBT002.png,9EBT002,Unknown
eu1/train/CY381NR.png,CY381NR,Unknown
eu1/val/CO2701AV.png,CO2701AV,Unknown
eu1/test/ZU295AJ.png,ZU295AJ,Unknown
eu1/train/GL80013U.png,GL80013U,Unknown
eu1/train/B276WOW.png,B276WOW,Unknown
eu1/val/SK560DP.png,SK560DP,Unknown
eu1/test/GB1ECB.png,GB1ECB,Unknown
eu1/train/J444CJW.png,J444CJW,Unknown
eu1/val/MDT5157.JPG,MDT5157,Unknown
eu1/train/515ND70.jpg,515ND70,Unknown
eu1/test/B21GSB.png,B21GSB,Unknown
eu1/train/BH3946BT.png,BH3946BT,Unknown
eu1/train/FC768JZ.jpg,FC768JZ,Unknown
eu1/train/RSK806.png,RSK806,Unknown
eu1/train/VK266CJ.png,VK266CJ,Unknown
eu1/train/SEJ2011.png,SEJ2011,Unknown
eu1/train/SR15395.png,SR15395,Unknown
eu1/train/6099TV66.jpg,6099TV66,Unknown
eu1/train/B69SXV.png,B69SXV,Unknown
eu1/train/8326WWG34.png,8326WWG34,Unknown
eu2/crops/eu11.jpg,BS47040,Unknown
eu1/test/KA761ET.png,KA761ET,Unknown
eu1/train/CM229MN.png,CM229MN,Unknown
eu1/train/B75MCY_1.png,B75MCY,Unknown
eu1/train/FB761SN.jpg,FB761SN,Unknown
eu1/train/SJJ1621.png,SJJ1621,Unknown
eu1/train/FS066SR.jpg,FS066SR,Unknown
eu1/test/34EN9199.png,34EN9199,Unknown
eu1/train/MM11XYL.png,MM11XYL,Unknown
eu1/train/BC081WH.png,BC081WH,Unknown
eu1/train/BP897ER.jpg,BP897ER,Unknown
eu1/val/CV997FW.jpg,CV997FW,Unknown
eu1/train/B58BBP.png,B58BBP,Unknown
eu1/train/CK80068.png,CK80068,Unknown
eu1/train/BIA3IGJ.png,BIA3IGJ,Unknown
eu1/train/QLGX125.JPG,QLGX125,Unknown
eu1/train/HHSE457H.png,HHSE457H,Unknown
eu2/crops/test_060.jpg,BA302OZ,Unknown
eu2/crops/test_046.jpg,RK143AT,Unknown
eu2/crops/test_089.jpg,RK565AV,Unknown
eu1/test/B96SXV_1.png,B96SXV,Unknown
eu2/crops/test_083.jpg,PD935BG,Unknown
eu1/train/SLH8566.png,SLH8566,Unknown
eu1/val/353ASK35.jpg,353ASK35,Unknown
eu1/train/G86969.png,G86969,Unknown
eu1/train/BA884XN.jpg,BA884XN,Unknown
eu1/train/PFME707.png,PFME707,Unknown
eu1/train/LJFJ551.png,LJFJ551,Unknown
eu1/test/CV194VA.jpg,CV194VA,Unknown
eu1/train/FQ032EC.jpg,FQ032EC,Unknown
eu2/crops/test_011.jpg,RK346AL,Unknown
eu1/train/EM279BL.jpg,EM279BL,Unknown
eu1/train/BL315PX.png,BL315PX,Unknown
eu2/crops/test_032.jpg,RK763AS,Unknown
eu2/crops/test_097.jpg,RK603AV,Unknown
eu2/crops/test_093.jpg,RK301AH,Unknown
eu1/val/B97TWD.png,B97TWD,Unknown
eu2/crops/test_075.jpg,ZA834CO,Unknown
eu2/crops/test_018.jpg,RK884AL,Unknown
eu1/train/GXD385.png,GXD385,Unknown
eu1/train/B91SYE.png,B91SYE,Unknown
eu1/train/B449AP.png,B449AP,Unknown
eu1/train/PELN212.JPG,PELN212,Unknown
eu1/train/CA6183BS.png,CA6183BS,Unknown
eu1/train/FM971LJ.jpg,FM971LJ,Unknown
eu1/test/55SG53.jpg,55SG53,Unknown
eu1/train/DJ097DJ.png,DJ097DJ,Unknown
eu1/train/BN15858.png,BN15858,Unknown
eu1/train/BR16MOC_1.png,BR16MOC,Unknown
eu1/val/N50IFSP.png,N50IFSP,Unknown
eu2/crops/test_044.jpg,RK878AC,Unknown
eu1/test/75N1960G.png,75N1960G,Unknown
eu2/crops/test_078.jpg,RK457AS,Unknown
eu1/val/FH414PP.jpg,FH414PP,Unknown
eu1/train/P01995.png,P01995,Unknown
eu1/train/B089414.png,B089414,Unknown
eu1/train/B535SFI.png,B535SFI,Unknown
eu1/train/TR95XMI.png,TR95XMI,Unknown
eu1/train/BG19517.png,BG19517,Unknown
eu1/train/SH36423.png,SH36423,Unknown
eu1/train/ZH818159.png,ZH818159,Unknown
eu2/crops/test_059.jpg,BA302OZ,Unknown
eu2/crops/test_079.jpg,RK959AF,Unknown
eu1/train/FR881CN.jpg,FR881CN,Unknown
eu1/val/9R0Y888.png,9R0Y888,Unknown
eu1/train/TR95XMI_2.png,TR95XMI,Unknown
eu1/val/BC996AA.jpg,BC996AA,Unknown
eu1/train/B24RRX.png,B24RRX,Unknown
eu1/train/DB749GD.jpg,DB749GD,Unknown
eu2/crops/test_052.jpg,BY649AG,Unknown
eu1/train/L121243.png,L121243,Unknown
eu2/crops/test_069.jpg,4B40262,Unknown
eu1/train/VD961408.png,VD961408,Unknown
eu1/train/ES344.png,ES344,Unknown
eu1/train/SMB2062.JPG,SMB2062,Unknown
eu1/val/B121PHD.png,B121PHD,Unknown
eu1/train/B75MCY.png,B75MCY,Unknown
eu1/train/04KY53I2.png,04KY53I2,Unknown
eu1/test/CM101LW.png,CM101LW,Unknown
eu1/train/DM025MP.jpg,DM025MP,Unknown
eu1/train/1BQQ250.png,1BQQ250,Unknown
eu1/train/CE683HR.png,CE683HR,Unknown
eu1/train/B58RMB.png,B58RMB,Unknown
eu1/train/24EZ90.jpg,24EZ90,Unknown
eu1/train/W178JZ.jpg,W178JZ,Unknown
eu1/train/B97TWD_1.png,B97TWD,Unknown
eu1/train/AR21346.png,AR21346,Unknown
eu2/crops/test_042.jpg,BA268IM,Unknown
eu1/train/MS5683V.png,MS5683V,Unknown
eu1/train/1020HG90.jpg,1020HG90,Unknown
eu1/train/BH688GW.jpg,BH688GW,Unknown
eu1/test/ESCC690.png,ESCC690,Unknown
eu1/train/MGX1234.JPG,MGX1234,Unknown
eu1/train/AA1399B0.png,AA1399B0,Unknown
eu1/test/BL33635.png,BL33635,Unknown
eu1/val/G2274D.png,G2274D,Unknown
eu1/train/KR444FT.png,KR444FT,Unknown
eu1/train/AI20291.png,AI20291,Unknown
eu1/train/AZ998DA.png,AZ998DA,Unknown
eu1/train/FL900VP.jpg,FL900VP,Unknown
eu2/crops/test_055.jpg,NO450AM,Unknown
eu2/crops/test_077.jpg,RK735AS,Unknown
eu1/train/SGO2508.png,SGO2508,Unknown
eu1/train/FE615XW.jpg,FE615XW,Unknown
eu2/crops/test_007.jpg,RK828AG,Unknown
eu1/val/6923HJ2B.png,6923HJ2B,Unknown
eu1/train/B911BLG.png,B911BLG,Unknown
eu1/test/CX408PX.jpg,CX408PX,Unknown
eu1/test/H864JGM.png,H864JGM,Unknown
eu2/crops/test_084.jpg,PD722BF,Unknown
eu1/train/CE7373AE.png,CE7373AE,Unknown
eu1/test/5888881.png,5888881,Unknown
eu1/train/EE972DY.jpg,EE972DY,Unknown
eu1/train/FL527JN.jpg,FL527JN,Unknown
eu1/train/FS371VQ.jpg,FS371VQ,Unknown
eu1/train/CK1007.png,CK1007,Unknown
eu1/train/G0CIAPA.png,G0CIAPA,Unknown
eu1/val/SG1153U.png,SG1153U,Unknown
eu1/train/EYA4798_1.png,EYA4798,Unknown
eu2/crops/test_087.jpg,RK011AM,Unknown
eu2/crops/test_034.jpg,SG47471,Unknown
eu1/train/CT879GW.png,CT879GW,Unknown
eu2/crops/eu2.jpg,GWAGEN,Unknown
eu1/train/OG883S.png,OG883S,Unknown
eu1/train/AEK5017.png,AEK5017,Unknown
eu1/train/MA877AA.png,MA877AA,Unknown
eu1/test/VS236891_1.png,VS236891,Unknown
eu1/train/BXSV91.png,BXSV91,Unknown
eu1/train/AR687FF.jpg,AR687FF,Unknown
eu1/test/AE330NJ.jpg,AE330NJ,Unknown
eu1/train/DY378ZH.jpg,DY378ZH,Unknown
eu1/val/DH605TQ.jpg,DH605TQ,Unknown
eu1/train/MG06438.png,MG06438,Unknown
eu1/val/CJ241TB.jpg,CJ241TB,Unknown
eu1/val/AY673JT.jpg,AY673JT,Unknown
eu1/train/CY381NR_1.png,CY381NR,Unknown
eu1/train/6935XY64.jpg,6935XY64,Unknown
eu1/train/NRW45317.JPG,NRW45317,Unknown
eu1/train/G1176.png,G1176,Unknown
eu1/train/CJ183LS.png,CJ183LS,Unknown
eu1/train/EL156RR.jpg,EL156RR,Unknown
eu1/train/M8822E.png,M8822E,Unknown
eu2/crops/test_063.jpg,1B25790,Unknown
eu1/train/B101JGV.png,B101JGV,Unknown
eu1/train/HKT8466.png,HKT8466,Unknown
eu1/val/41JA34.png,41JA34,Unknown
eu1/train/BP310AH.png,BP310AH,Unknown
eu1/train/DY769ZV.jpg,DY769ZV,Unknown
eu1/train/6176YM27.jpg,6176YM27,Unknown
eu1/train/SMC1735.JPG,SMC1735,Unknown
eu1/train/2KVB52.png,2KVB52,Unknown
eu2/crops/test_082.jpg,RK891AU,Unknown
eu1/train/995AXF35.jpg,995AXF35,Unknown
eu2/crops/test_026.jpg,RK492AU,Unknown
eu1/train/0648BU.png,0648BU,Unknown
eu1/train/IF09DAA.png,IF09DAA,Unknown
eu2/crops/test_045.jpg,RK878AC,Unknown
eu1/train/DK436ET.jpg,DK436ET,Unknown
eu2/crops/test_043.jpg,DK641AH,Unknown
eu1/test/CY726SV.jpg,CY726SV,Unknown
eu1/train/BL001AA.png,BL001AA,Unknown
eu2/crops/test_002.jpg,RK755AJ,Unknown
eu1/train/ESXI8932.png,ESXI8932,Unknown
eu1/train/BH109XW.jpg,BH109XW,Unknown
eu1/val/BP27305.png,BP27305,Unknown
eu1/train/HH07194.PNG,HH07194,Unknown
eu1/train/6807GZ2A.png,6807GZ2A,Unknown
eu1/train/SAP4686.png,SAP4686,Unknown
eu2/crops/test_094.jpg,RK069AV,Unknown
eu1/test/FF788NK.jpg,FF788NK,Unknown
eu1/test/EM727PD.jpg,EM727PD,Unknown
eu1/test/FP786YF.jpg,FP786YF,Unknown
eu1/train/BY187RT.jpg,BY187RT,Unknown
eu1/train/B839HAR.png,B839HAR,Unknown
eu1/train/GL2321.png,GL2321,Unknown
eu1/val/97M03901.png,97M03901,Unknown
eu1/train/75XNH3.png,75XNH3,Unknown
eu1/train/S051701.png,S051701,Unknown
eu1/train/7770ZP14.jpg,7770ZP14,Unknown
eu1/train/VD861T.png,VD861T,Unknown
eu1/train/SB501CT.png,SB501CT,Unknown
eu1/train/00LH2877.png,00LH2877,Unknown
eu1/train/BJ814JR.jpg,BJ814JR,Unknown
eu1/val/PZ819CF.png,PZ819CF,Unknown
eu1/train/DS641PQ.png,DS641PQ,Unknown
eu1/train/RI475KM.png,RI475KM,Unknown
eu2/crops/eu9.jpg,W053011,Unknown
eu1/test/SPR911.JPG,SPR911,Unknown
eu1/train/VZ390HM.png,VZ390HM,Unknown
eu2/crops/test_074.jpg,3B29485,Unknown
eu1/train/GO6600H.png,GO6600H,Unknown
eu1/train/2AN0913.png,2AN0913,Unknown
eu1/train/JUX703.png,JUX703,Unknown
eu1/train/T399JBH.png,T399JBH,Unknown
eu2/crops/test_006.jpg,RKO99AN,Unknown
eu1/train/FR400PK.jpg,FR400PK,Unknown
eu1/train/FP055HQ.jpg,FP055HQ,Unknown
eu1/val/ZDT923_1.png,ZDT923,Unknown
us3/usimages/me1628.png,1435GK,United States
us2/crops/wts-lg-000051.jpg,PJ2X1V,United States
us3/usimages/il202.png,6023411,United States
us3/usimages/va398.png,ANTIG0V,United States
us2/crops/wts-lg-000043.jpg,FB8R4T,United States
us3/usimages/wi219.png,SMILEM0,United States
us3/usimages/pa1451.png,XCG6033,United States
us3/usimages/mn518.png,BRECHT,United States
us3/usimages/ms1551.png,N3934,United States
us2/crops/car9-4.jpg,ANW2529,United States
us3/usimages/wv1256.png,4N3972,United States
us3/usimages/ok556.png,093GOK,United States
us3/usimages/ri1634.png,MX117,United States
us3/usimages/in1334.png,BEG0DS,United States
us3/usimages/tx299.png,CK3H547,United States
us3/usimages/nh763.png,FATCHX,United States
us2/crops/car1.jpg,627WWI,United States
us3/usimages/hi302.png,KVU441,United States
us3/usimages/mn429.png,FMP703,United States
us3/usimages/ga1314.png,HW1155,United States
us3/usimages/ny1166.png,FAE5954,United States
us2/crops/wts-lg-000067.jpg,8951283,United States
us3/usimages/ca1127.png,BUBBIE2,United States
us3/usimages/ma700.png,8249AG,United States
us3/usimages/wy658.png,4475,United States
us3/usimages/mi1055.png,A39HK,United States
us3/usimages/ga151.png,BVN0669,United States
us3/usimages/me1418.png,6725SC,United States
us3/usimages/nh1411.png,2494264,United States
us3/usimages/ia537.png,576PBQ,United States
us3/usimages/nc1570.png,SXN9714,United States
us3/usimages/nd1372.png,GXJ915,United States
us3/usimages/hi1214.png,MSH861,United States
us3/usimages/me471.png,965AAS,United States
us2/crops/wts-lg-000117.jpg,D315771,United States
us2/crops/wts-lg-000159.jpg,59E21P1,United States
us3/usimages/md1430.png,A000956,United States
us2/crops/wts-lg-000058.jpg,CEMENT0,United States
us2/crops/wts-lg-000012.jpg,CK0A1F,United States
us2/crops/wts-lg-000096.jpg,CJ1P5G,United States
us3/usimages/nj1497.png,R34AAF,United States
us2/crops/wts-lg-000082.jpg,CJUJ79,United States
us3/usimages/de959.png,C76634,United States
us3/usimages/oh862.png,29HSP,United States
us3/usimages/ca1043.png,5EKR790,United States
us3/usimages/wv12.png,6NM162,United States
us3/usimages/il1328.png,IR0NY,United States
us3/usimages/mn1544.png,MW369,United States
us3/usimages/nd1452.png,GTF063,United States
us2/crops/wts-lg-000194.jpg,7CID930,United States
us3/usimages/id1405.png,8BL8976,United States
us3/usimages/il1102.png,5977144,United States
us3/usimages/az1429.png,IM4REAL,United States
us3/usimages/wy282.png,5501,United States
us3/usimages/co122.png,000XXX,United States
us2/crops/wts-lg-000149.jpg,6MWF778,United States
us2/crops/wts-lg-000141.jpg,1365847,United States
us3/usimages/va236.png,ABD1840,United States
us2/crops/us8.jpg,EAZ6913,United States
us3/usimages/hi481.png,KVA442,United States
us3/usimages/nc1579.png,KYP4595,United States
us2/crops/wts-lg-000087.jpg,383WJP,United States
us3/usimages/vt964.png,CKB941,United States
us3/usimages/sc412.png,GCG668,United States
us3/usimages/id1409.png,SQUAW,United States
us3/usimages/mo1654.png,0CA069,United States
us3/usimages/tn821.png,666CYL,United States
us3/usimages/md1304.png,0026,United States
us2/crops/wts-lg-000155.jpg,CYZ5139,United States
us3/usimages/id991.png,108565,United States
us3/usimages/ma902.png,2652WE,United States
us3/usimages/nv637.png,650VYM,United States
us2/crops/wts-lg-000022.jpg,FNY881,United States
us3/usimages/ny1517.png,FBR1449,United States
us3/usimages/mn980.png,DCE353,United States
us3/usimages/nj600.png,ZUP36A,United States
us3/usimages/ca1136.png,5UMH719,United States
us3/usimages/nj104.png,KLX41C,United States
us3/usimages/id238.png,2B699,United States
us3/usimages/md783.png,3DDB31,United States
us3/usimages/va636.png,1255GM,United States
us3/usimages/ct59.png,392YNJ,United States
us3/usimages/pa958.png,M0T0RZ,United States
us3/usimages/ar800.png,520MRK,United States
us3/usimages/ia760.png,7881BZ,United States
us3/usimages/dc1096.png,DCV0TE,United States
us3/usimages/wa1239.png,922RIE,United States
us2/crops/wts-lg-000031.jpg,FE9N6K,United States
us3/usimages/ia553.png,8363HJ,United States
us3/usimages/va469.png,1361HI,United States
us3/usimages/va1033.png,UZ5354,United States
us3/usimages/nv1665.png,418WBB,United States
us3/usimages/ia1376.png,042WYG,United States
us3/usimages/or439.png,UNF121,United States
us2/crops/wts-lg-000059.jpg,WXW835,United States
us3/usimages/ut741.png,Z387RY,United States
us3/usimages/hi609.png,568201,United States
us2/crops/wts-lg-000140.jpg,6MDU097,United States
us3/usimages/ia396.png,J0518,United States
us3/usimages/id1163.png,693ABA,United States
us3/usimages/nh799.png,2470410,United States
us3/usimages/il330.png,K545614,United States
us2/crops/wts-lg-000061.jpg,DK2Z5S,United States
us2/crops/wts-lg-000166.jpg,4NZZ935,United States
us3/usimages/dc1118.png,BC4922,United States
us3/usimages/sd300.png,1NU656,United States
us2/crops/wts-lg-000157.jpg,7EAV033,United States
us3/usimages/ri892.png,VO820,United States
us2/crops/1e241dc8-8f18-4955-8988-03a0ab49f813.jpg,CCLVN3,United States
us3/usimages/or1034.png,526BQU,United States
us2/crops/wts-lg-000088.jpg,CCV020,United States
us3/usimages/ak399.png,FGJ235,United States
us3/usimages/nj250.png,UXX71N,United States
us3/usimages/va1128.png,YJH7538,United States
us3/usimages/nv442.png,BATMANX,United States
us2/crops/wts-lg-000170.jpg,5FLR236,United States
us3/usimages/in367.png,221TAN,United States
us3/usimages/ma257.png,14CV10,United States
us3/usimages/in1076.png,194MJM,United States
us3/usimages/ri267.png,697241,United States
us3/usimages/fl26.png,615KPI,United States
us3/usimages/va1137.png,XGK9239,United States
us2/crops/5b562a61-34ad-4f00-9164-d34abb7a38e4.jpg,91A4ZA,United States
us2/crops/wts-lg-000113.jpg,AG4V3U,United States
us3/usimages/la163.png,OIT643,United States
us3/usimages/hi817.png,PSX960,United States
us3/usimages/wi428.png,687AHV,United States
us3/usimages/wv290.png,4W5825,United States
us2/crops/wts-lg-000191.jpg,CDL4461,United States
us3/usimages/ca1000.png,HALTC02,United States
us3/usimages/al1156.png,6A5730A,United States
us3/usimages/wa114.png,GR0WAPR,United States
us3/usimages/nh247.png,REBIZ,United States
us3/usimages/ri562.png,WA763,United States
us3/usimages/nc489.png,RBS84,United States
us3/usimages/tx194.png,BM5T299,United States
us3/usimages/mo856.png,FF2C9E,United States
us3/usimages/ma142.png,72LY,United States
us2/crops/wts-lg-000083.jpg,N2427E,United States
us3/usimages/wi179.png,RXH400,United States
us3/usimages/va314.png,PS2411,United States
us3/usimages/mn378.png,GLF288,United States
us3/usimages/oh1158.png,MCH1256,United States
us2/crops/wts-lg-000068.jpg,N359973,United States
us3/usimages/pa845.png,DVK0943,United States
us3/usimages/nv497.png,094MWJ,United States
us3/usimages/md356.png,CTH523,United States
us3/usimages/in870.png,824BOJ,United States
us3/usimages/wy420.png,0,United States
us3/usimages/vt1425.png,CBB812,United States
us3/usimages/id997.png,9B352T,United States
us3/usimages/az102.png,AGB7548,United States
us2/crops/wts-lg-000036.jpg,TTP488,United States
us3/usimages/sc1026.png,GJE176,United States
us3/usimages/ca424.png,NTGUILTY,United States
us3/usimages/md29.png,4DLR50,United States
us3/usimages/wi1611.png,271LDZ,United States
us3/usimages/ak1165.png,FUW999,United States
us3/usimages/mn485.png,DN242,United States
us2/crops/22e54a62-57a8-4a0a-88c1-4b9758f67651.jpg,SL7C6S,United States
us3/usimages/sc440.png,BWB725,United States
us3/usimages/ct766.png,232MMA,United States
us3/usimages/wi144.png,315NKX,United States
us3/usimages/nh936.png,2635819,United States
us3/usimages/wy1514.png,1321,United States
us3/usimages/nj92.png,ZCS74S,United States
us2/crops/wts-lg-000076.jpg,4GLS168,United States
us3/usimages/hi588.png,HBD331,United States
us2/crops/car21.jpg,YF2L6G,United States
us2/crops/car6.jpg,AKS4329,United States
us2/crops/car9-1.jpg,ASC7399,United States
us3/usimages/la405.png,X066342,United States
us3/usimages/id539.png,0LDGRL,United States
us3/usimages/md645.png,A075307,United States
us3/usimages/de1519.png,721902,United States
us2/crops/wts-lg-000047.jpg,CLT0108,United States
us3/usimages/mo1212.png,DE8Y2A,United States
us3/usimages/ms143.png,FSQ769,United States
us3/usimages/ny524.png,FAE6137,United States
us3/usimages/az589.png,W16627,United States
us2/crops/wts-lg-000144.jpg,CWW2245,United States
us2/crops/wts-lg-000160.jpg,8S16841,United States
us2/crops/car9-5.jpg,AYX8803,United States
us3/usimages/nc610.png,2861,United States
us3/usimages/wi1032.png,XSTASY,United States
us3/usimages/ut1091.png,622ZUP,United States
us2/crops/wts-lg-000148.jpg,6TIX874,United States
us2/crops/wts-lg-000011.jpg,MF2Y8X,United States
us3/usimages/id1645.png,I64081,United States
us3/usimages/ia547.png,326XLH,United States
us3/usimages/ca574.png,4CVU806,United States
us3/usimages/md1107.png,7BPD06,United States
us2/crops/us4.jpg,520MRK,United States
us3/usimages/wv1056.png,7524,United States
us3/usimages/hi841.png,KZF827,United States
us3/usimages/la380.png,ANYTEXT,United States
us3/usimages/nh228.png,760952,United States
us3/usimages/wi438.png,VACVAN,United States
us3/usimages/ms458.png,KTA001,United States
us2/crops/car17.jpg,L781601,United States
us3/usimages/pa525.png,PAPL8S,United States
us3/usimages/me1078.png,M0000SE,United States
us3/usimages/nh1244.png,QUILLS,United States
us2/crops/wts-lg-000080.jpg,YD6L3C,United States
us2/crops/c9368c55-210d-456c-a5ef-c310e60039ec.jpg,UH1F0F,United States
us2/crops/e73fd200-7ba4-4725-9d1d-2ec710864df6.jpg,8FV480,United States
us3/usimages/mn723.png,PAP263,United States
us3/usimages/ri1020.png,WA763,United States
us3/usimages/tx1023.png,697BBJ,United States
us2/crops/wts-lg-000030.jpg,FK2X2Z,United States
us3/usimages/il1481.png,8812044,United States
us2/crops/wts-lg-000173.jpg,5FEE732,United States
us3/usimages/ny1496.png,EAZ6913,United States
us2/crops/wts-lg-000098.jpg,UG9L8U,United States
us2/crops/car20.jpg,YG8E4F,United States
us3/usimages/nj754.png,UAA47C,United States
us3/usimages/fl559.png,707YCC,United States
us3/usimages/la1109.png,NJP857,United States
us3/usimages/mn1618.png,2678,United States
us3/usimages/nh882.png,2757814,United States
us3/usimages/ga16.png,ASN1074,United States
us3/usimages/nh846.png,541245,United States
us2/crops/wts-lg-000010.jpg,HH9G5W,United States
us3/usimages/mi984.png,4BXG21,United States
us3/usimages/ny1255.png,ABC2345,United States
us3/usimages/ny1110.png,CHT9032,United States
us2/crops/wts-lg-000049.jpg,WG4L2M,United States
us3/usimages/nc436.png,T2R,United States
us3/usimages/nc1531.png,WTB9154,United States
us3/usimages/la701.png,LFM397,United States
us2/crops/wts-lg-000099.jpg,UG9L8U,United States
us3/usimages/wa30.png,954ZDX,United States
us3/usimages/la746.png,B395483,United States
us3/usimages/nc1499.png,G0945,United States
us3/usimages/dc106.png,BA0523,United States
us3/usimages/me1502.png,6628LG,United States
us3/usimages/hi103.png,GZG347,United States
us3/usimages/tn14.png,0UTFR0NT,United States
us3/usimages/nv831.png,304SZT,United States
us3/usimages/pa584.png,HPP4120,United States
us3/usimages/ny986.png,ATL7457,United States
us3/usimages/ri1558.png,XO706,United States
us3/usimages/sd486.png,1WG011,United States
us3/usimages/id860.png,1ADL132,United States
us3/usimages/ar883.png,087LAN,United States
us3/usimages/la11.png,W869804,United States
us2/crops/wts-lg-000158.jpg,CWM2998,United States
us3/usimages/ny1077.png,ADL4681,United States
us3/usimages/sd186.png,29CA53,United States
us3/usimages/ok1101.png,676DWS,United States
us3/usimages/nc615.png,WYF8749,United States
us3/usimages/ne790.png,0JT898,United States
us3/usimages/or612.png,UKS949,United States
us3/usimages/nv1583.png,326NEB,United States
us3/usimages/ca1073.png,DUKDAWG,United States
us3/usimages/ny942.png,FCP5943,United States
us3/usimages/nh1557.png,FIX169C,United States
us3/usimages/ri165.png,GB634,United States
us3/usimages/la1160.png,B588779,United States
us3/usimages/wv37.png,CTHULHU,United States
us3/usimages/pa374.png,ANYTEXT,United States
us3/usimages/la298.png,LPB635,United States
us3/usimages/wi1378.png,871MBT,United States
us3/usimages/az837.png,752ARM,United States
us3/usimages/md725.png,VTS820,United States
us3/usimages/al1247.png,47A434F,United States
us3/usimages/ar480.png,094NKC,United States
us3/usimages/wa349.png,063JXB,United States
us2/crops/wts-lg-000145.jpg,4KBZ265,United States
us3/usimages/ca1173.png,JAKEMRY,United States
us2/crops/wts-lg-000165.jpg,CGT2069,United States
us3/usimages/ia779.png,397CQW,United States
us3/usimages/or822.png,YDR431,United States
us3/usimages/nh326.png,UBUNTU,United States
us3/usimages/hi685.png,BE840,United States
us3/usimages/wi972.png,810NUS,United States
us2/crops/wts-lg-000072.jpg,WTC249,United States
us3/usimages/co818.png,016FGM,United States
us3/usimages/va183.png,2291TK,United States
us3/usimages/nc551.png,JSD7911,United States
us3/usimages/wa1129.png,878PEG,United States
us2/crops/wts-lg-000042.jpg,SK5K9V,United States
us2/crops/us7.jpg,5VCF203,United States
us3/usimages/wy1093.png,299YX,United States
us2/crops/wts-lg-000186.jpg,AG0R6T,United States
us2/crops/wts-lg-000121.jpg,6MMD595,United States
us2/crops/wts-lg-000063.jpg,FA8M7S,United States
us3/usimages/ut908.png,Z822AA,United States
us3/usimages/vt108.png,BKW119,United States
us2/crops/wts-lg-000123.jpg,6XIU641,United States
us3/usimages/id254.png,BL0GGER,United States
us3/usimages/nv952.png,936MTB,United States
us3/usimages/nc216.png,XHILR8N1,United States
us3/usimages/mn1457.png,845CTC,United States
us3/usimages/nj479.png,SAMP,United States
us3/usimages/nd272.png,DWH486,United States
us2/crops/wts-lg-000086.jpg,ATGL04,United States
us3/usimages/nc1079.png,WWM5953,United States
us2/crops/wts-lg-000130.jpg,6PGM335,United States
us3/usimages/wi301.png,704BBJ,United States
us3/usimages/ri1275.png,QQ839,United States
us2/crops/wts-lg-000027.jpg,SG8L7E,United States
us3/usimages/wa1071.png,PRIVACY,United States
us3/usimages/nh71.png,2499275,United States
us2/crops/car14.jpg,980YTB,United States
us3/usimages/nm922.png,LJM367,United States
us3/usimages/nh598.png,NFFE,United States
us3/usimages/ia842.png,778AOS,United States
us2/crops/wts-lg-000181.jpg,PH5M9Y,United States
us2/crops/wts-lg-000168.jpg,RZN384,United States
us3/usimages/nh605.png,1859C,United States
us3/usimages/dc1498.png,DD9477,United States
us3/usimages/oh200.png,DIS6847,United States
us2/crops/wts-lg-000125.jpg,5TQY867,United States
us3/usimages/va1368.png,9999CF,United States
us3/usimages/pa1652.png,DYL4905,United States
us3/usimages/va1192.png,EECW,United States
us2/crops/7fbfbe28-aecb-45be-bd05-7cf26acb3c5c.jpg,KC4Z3X,United States
us2/crops/wts-lg-000040.jpg,WD2R9B,United States
us2/crops/car9.jpg,PE3R2X,United States
us3/usimages/mi585.png,SAMPL,United States
us2/crops/car12.jpg,5UVR090,United States
us3/usimages/wa742.png,GR8BUNZ,United States
us3/usimages/pa1183.png,GGG0563,United States
us3/usimages/pa411.png,GTM8445,United States
us3/usimages/ma115.png,35YF25,United States
us3/usimages/fl1225.png,W772UQ,United States
us3/usimages/il1373.png,9185914,United States
us3/usimages/or124.png,941EXW,United States
us3/usimages/in1184.png,ANYTEXT,United States
us3/usimages/id913.png,UPDCRIK,United States
us3/usimages/al1181.png,26A178N,United States
us2/crops/wts-lg-000045.jpg,HF4Y3B,United States
us3/usimages/nc86.png,ANZ2431,United States
us3/usimages/wa1456.png,135KEU,United States
us2/crops/wts-lg-000020.jpg,R107555,United States
us2/crops/wts-lg-000100.jpg,SH0R7X,United States
us3/usimages/wa1412.png,222NNN,United States
us3/usimages/ct879.png,126PTU,United States
us3/usimages/or240.png,L0LWUT,United States
us3/usimages/va1503.png,JAM7122,United States
us3/usimages/me775.png,MMGUIDE,United States
us3/usimages/dc765.png,DA9836,United States
us3/usimages/ut1476.png,TENKARA,United States
us2/crops/wts-lg-000057.jpg,YBW23,United States
us3/usimages/hi130.png,HGX212,United States
us3/usimages/nv1086.png,670SGU,United States
us3/usimages/wy508.png,3555,United States
us2/crops/wts-lg-000171.jpg,DCK6344,United States
us3/usimages/ca1592.png,5PPP064,United States
us3/usimages/wi911.png,196GPF,United States
us3/usimages/hi597.png,AA974,United States
us3/usimages/de1608.png,HP7562,United States
us3/usimages/wi580.png,PAM221,United States
us3/usimages/ma1180.png,78BL81,United States
us3/usimages/wi1426.png,TFD715,United States
us2/crops/car3.jpg,1AMW240,United States
us3/usimages/or256.png,942FQL,United States
us3/usimages/va1082.png,NUTSACK,United States
us3/usimages/nj654.png,2422,United States
us2/crops/car15.jpg,KCS1M,United States
us3/usimages/sd46.png,MG2403,United States
us3/usimages/az1001.png,176NWN,United States
us3/usimages/nd1525.png,ENC239,United States
us2/crops/car13.jpg,EMR7094,United States
us2/crops/wts-lg-000142.jpg,5TGN556,United States
us3/usimages/nv940.png,057SMF,United States
us2/crops/a03ced3f-5a97-4e75-8106-fabfd2b8b76e.jpg,08E6CK,United States
us2/crops/wts-lg-000039.jpg,VLX039,United States
us3/usimages/ms456.png,HNP739,United States
us2/crops/wts-lg-000071.jpg,WSG979,United States
us3/usimages/fl823.png,Y6BYG,United States
us3/usimages/ny1663.png,NUYAWRK,United States
us3/usimages/mn764.png,BT000,United States
us3/usimages/vt635.png,ANYTEXT,United States
us3/usimages/nd343.png,73011,United States
us2/crops/wts-lg-000023.jpg,AU41257,United States
us3/usimages/ny1237.png,ACX7518,United States
us2/crops/wts-lg-000079.jpg,FD7U4U,United States
us3/usimages/va1067.png,JND8425,United States
us3/usimages/ky319.png,697BBM,United States
us2/crops/37170dd1-2802-4e38-b982-c5d07c64ff67.jpg,6HP995,United States
us3/usimages/ca519.png,5BBM299,United States
us3/usimages/mn1292.png,903GZR,United States
us3/usimages/dc1038.png,AX2247,United States
us3/usimages/vt988.png,ANH453,United States
us3/usimages/ar285.png,514KZE,United States
us2/crops/wts-lg-000133.jpg,5L0D951,United States
us3/usimages/de395.png,848048,United States
us3/usimages/sd983.png,2PL015,United States
us2/crops/wts-lg-000177.jpg,6ZWF846,United States
us3/usimages/ok1344.png,321FEE,United States
us3/usimages/dc1415.png,CX4887,United States
us3/usimages/ms1122.png,WRW935,United States
us3/usimages/ri956.png,NV298,United States
us3/usimages/wa1439.png,627WWI,United States
us3/usimages/md962.png,DHB822,United States
us3/usimages/wy963.png,4339C,United States
us3/usimages/nj63.png,JYR91E,United States
us3/usimages/de387.png,198606,United States
us3/usimages/vt268.png,0,United States
us3/usimages/nc1126.png,1TARHEELS,United States
us2/crops/us2.jpg,EUS664,United States
us3/usimages/ca1574.png,IMJSAYN,United States
us3/usimages/md510.png,FRESPCH,United States
us2/crops/wts-lg-000196.jpg,DH7X317,United States
us3/usimages/ri939.png,714625,United States
us3/usimages/id1191.png,8862,United States
us3/usimages/wa304.png,602JPG,United States
us2/crops/wts-lg-000029.jpg,AYE132,United States
us3/usimages/ca366.png,5SIR459,United States
us3/usimages/id1416.png,DRIFTER,United States
us3/usimages/il1200.png,PLTFRM,United States
us3/usimages/nh150.png,1410502,United States
us3/usimages/id1320.png,2006R,United States
us3/usimages/va1299.png,CN1309,United States
us2/crops/wts-lg-000128.jpg,6MMD595,United States
us2/crops/wts-lg-000094.jpg,CJ8P4V,United States
us3/usimages/va1229.png,4798WD,United States
us3/usimages/ri840.png,934219,United States
us3/usimages/va1463.png,ZUC7951,United States
us3/usimages/nv604.png,673NTE,United States
us3/usimages/la787.png,NRM331,United States
us3/usimages/az943.png,CUNAZ,United States
us2/crops/f0a3b8c0-198a-471b-9ca9-345c3dd28073.jpg,HB8X9J,United States
us3/usimages/oh1631.png,DWQ5780,United States
us3/usimages/ma948.png,16FF,United States
us3/usimages/hi157.png,HXM691,United States
us2/crops/wts-lg-000089.jpg,YF2U68,United States
us2/crops/wts-lg-000167.jpg,7AWV401,United States
us3/usimages/mo528.png,158CSX,United States
us3/usimages/nj389.png,NPJ26F,United States
us3/usimages/dc545.png,2368,United States
us3/usimages/pa357.png,EHE8237,United States
us3/usimages/nc1116.png,0594,United States
us3/usimages/nv1414.png,470MYF,United States
us3/usimages/hi1559.png,JUSTMAUID,United States
us2/crops/wts-lg-000033.jpg,PK2V6M,United States
us3/usimages/vt370.png,BRRRR,United States
us3/usimages/dc1008.png,DP7160,United States
us3/usimages/va1523.png,KGV5561,United States
us2/crops/wts-lg-000078.jpg,5EZP631,United States
us2/crops/wts-lg-000048.jpg,FE5R2D,United States
us3/usimages/wv1399.png,3Y1688,United States
us2/crops/wts-lg-000189.jpg,FK4W3L,United States
us3/usimages/ak721.png,FHG521,United States
us3/usimages/wy1083.png,4434R,United States
us3/usimages/ar1097.png,UNI,United States
us3/usimages/ca900.png,STARK11,United States
us3/usimages/ma805.png,WRLDTC,United States
us2/crops/us3.jpg,9185914,United States
us2/crops/wts-lg-000183.jpg,DK8F5L,United States
us3/usimages/ca261.png,6LIK274,United States
us3/usimages/id1280.png,IDAH0HI,United States
us2/crops/3850ba91-3c64-4c64-acba-0c46b61ec0da.jpg,HK0E7C,United States
us3/usimages/mi1322.png,C2TURB0,United States
us3/usimages/co918.png,637RJH,United States
us3/usimages/ms1447.png,QTA827,United States
us3/usimages/nd1660.png,DJP638,United States
us3/usimages/ar477.png,133IIS,United States
us2/crops/wts-lg-000119.jpg,6RJN062,United States
us3/usimages/nj348.png,KLX41C,United States
us3/usimages/ia289.png,8584HH,United States
us2/crops/wts-lg-000199.jpg,J868321,United States
us3/usimages/wa533.png,00013,United States
us3/usimages/nc724.png,CVS20E,United States
us3/usimages/or907.png,149BPB,United States
us3/usimages/il126.png,H694856,United States
us3/usimages/ms527.png,HNQ196,United States
us3/usimages/nh1470.png,9C067,United States
us3/usimages/pa534.png,ASUKA,United States
us3/usimages/va803.png,URSAE,United States
us2/crops/wts-lg-000064.jpg,UH1N2A,United States
us3/usimages/mi40.png,BXC2341,United States
us3/usimages/tn211.png,738FKH,United States
us3/usimages/la1177.png,PKX512,United States
us2/crops/wts-lg-000197.jpg,2MFZ746,United States
us3/usimages/az808.png,100AAA,United States
us3/usimages/ky476.png,778JCC,United States
us3/usimages/az758.png,BUKTLST,United States
us3/usimages/nj683.png,EVZ135,United States
us3/usimages/tn1274.png,999QLM,United States
us2/crops/wts-lg-000115.jpg,HH9G5W,United States
us3/usimages/ma836.png,20FY20,United States
us3/usimages/ar785.png,050LRR,United States
us3/usimages/ia1458.png,5812HJ,United States
us2/crops/car2.jpg,1049338,United States
us3/usimages/or1623.png,SKT517,United States
us2/crops/wts-lg-000073.jpg,5VDA555,United States
us2/crops/wts-lg-000161.jpg,75061H1,United States
us3/usimages/mn96.png,GK063,United States
us3/usimages/ny873.png,AAA2208,United States
us3/usimages/wy322.png,692,United States
us3/usimages/ar867.png,357HPB,United States
us2/crops/car8.jpg,FZRULZ,United States
us3/usimages/il1587.png,CHICAG0,United States
us3/usimages/hi72.png,WH6K0,United States
us3/usimages/hi1005.png,WTFDMV,United States
us3/usimages/co74.png,411SJW,United States
us2/crops/wts-lg-000192.jpg,5NWV468,United States
us3/usimages/dc188.png,800002,United States
us2/crops/wts-lg-000024.jpg,P602849,United States
us3/usimages/wi699.png,237TKJ,United States
us3/usimages/ct455.png,C0NNMAN,United States
us2/crops/wts-lg-000106.jpg,3MVV252,United States
us3/usimages/il906.png,4701134,United States
us3/usimages/nc812.png,3887,United States
us2/crops/wts-lg-000050.jpg,HB6L0Z,United States
us3/usimages/il214.png,L824788,United States
us2/crops/wts-lg-000120.jpg,5CJP303,United States
us3/usimages/wi1157.png,780AAA,United States
us3/usimages/ny749.png,10FB87,United States
us3/usimages/ar1487.png,NOX218,United States
us2/crops/wts-lg-000095.jpg,4FCW533,United States
us2/crops/car16.jpg,002HHM,United States
us3/usimages/mi1346.png,BCX4554,United States
us3/usimages/ma1230.png,168PH5,United States
us3/usimages/dc1294.png,CW1694,United States
us3/usimages/va1190.png,WM2048,United States
us3/usimages/wa325.png,95003,United States
us3/usimages/dc97.png,800002,United States
us3/usimages/pa1600.png,YYX2828,United States
us3/usimages/id137.png,C0UGAR,United States
us3/usimages/de681.png,498354,United States
us3/usimages/ca1218.png,5NNY092,United States
us3/usimages/vt706.png,0,United States
us3/usimages/tx1030.png,BB1B001,United States
us2/crops/wts-lg-000138.jpg,DD4C591,United States
us3/usimages/id415.png,HYDR01,United States
us2/crops/wts-lg-000101.jpg,SH0R7X,United States
us2/crops/wts-lg-000034.jpg,HK5R9C,United States
us3/usimages/nj1520.png,ZLR10N,United States
us3/usimages/me1453.png,241AKD,United States
us3/usimages/nc946.png,MNA6704,United States
us3/usimages/il616.png,H103801,United States
us3/usimages/wi1536.png,FGY127,United States
us3/usimages/de1203.png,668130,United States
us3/usimages/nc1010.png,TZY6473,United States
us3/usimages/md1035.png,AJK216,United States
us3/usimages/wa1241.png,12132W,United States
us3/usimages/ny279.png,DCG6624,United States
us3/usimages/ny717.png,AFV5000,United States
us3/usimages/va459.png,9999CF,United States
us3/usimages/ia462.png,696PAI,United States
us3/usimages/ia1419.png,712WQA,United States
us3/usimages/wy369.png,874J,United States
us3/usimages/dc1348.png,DZ4646,United States
us2/crops/wts-lg-000026.jpg,ML0C2S,United States
us3/usimages/id42.png,1AA4679,United States
us3/usimages/sd1068.png,1NU656,United States
us3/usimages/ny599.png,PADDL10S,United States
us3/usimages/mo565.png,FB8A3E,United States
us3/usimages/ar624.png,ANYTEXT,United States
us2/crops/wts-lg-000188.jpg,UJ3V0J,United States
us3/usimages/dc156.png,800002,United States
us3/usimages/ky1217.png,BBG50B,United States
us3/usimages/hi89.png,HWR837,United States
us3/usimages/mi172.png,D0N0R,United States
us3/usimages/nj891.png,NZV97Y,United States
us3/usimages/de1254.png,421774,United States
us3/usimages/fl227.png,FLNGP00,United States
us3/usimages/wi306.png,BIGCHEESE,United States
us3/usimages/mi1155.png,BLF5563,United States
us3/usimages/in1266.png,858GAB,United States
us3/usimages/ri649.png,713731,United States
us3/usimages/ma1506.png,86TJ68,United States
us3/usimages/ms1441.png,188LAP,United States
us3/usimages/or382.png,TAE351,United States
us3/usimages/ct362.png,WH0515,United States
us3/usimages/sd904.png,MM6533,United States
us3/usimages/tx1006.png,BB1B001,United States
us3/usimages/nv1597.png,259PWK,United States
us3/usimages/md1585.png,976BB0,United States
us3/usimages/vt315.png,0,United States
us3/usimages/id688.png,71227,United States
us3/usimages/ca286.png,5VCF203,United States
us2/crops/cfaa9dd2-a388-4e92-bb3a-ae65c28d8139.jpg,KL3B8K,United States
us2/crops/wts-lg-000060.jpg,TVG399,United States
us3/usimages/md178.png,0,United States
us3/usimages/nc1488.png,WXF7388,United States
us2/crops/wts-lg-000176.jpg,BTZ7148,United States
us3/usimages/ia215.png,339HAT,United States
us2/crops/car9-0.jpg,133GZD,United States
us3/usimages/nj937.png,BUYME,United States
us3/usimages/ky1249.png,697BBM,United States
us3/usimages/wy716.png,79XA,United States
us3/usimages/la237.png,LFS658,United States
us3/usimages/la7.png,KRM489,United States
us3/usimages/id770.png,1AVB713,United States
us3/usimages/ca1635.png,6FGR999,United States
us3/usimages/md223.png,ADT80S,United States
us3/usimages/va3.png,LLA1000,United States
us3/usimages/nv464.png,DD8UGY,United States
us2/crops/wts-lg-000139.jpg,1268205,United States
us3/usimages/ri65.png,ZT714,United States
us2/crops/wts-lg-000127.jpg,5AZL613,United States
us3/usimages/ky729.png,547KPE,United States
us3/usimages/vt121.png,CSN932,United States
us3/usimages/va1401.png,PF4415,United States
us2/crops/wts-lg-000097.jpg,R589789,United States
us3/usimages/id260.png,1A2E468,United States
us3/usimages/tx128.png,BH8G151,United States
us3/usimages/wa468.png,03589,United States
us3/usimages/mn1111.png,UUC271,United States
us3/usimages/dc1065.png,DB3043,United States
us2/crops/wts-lg-000070.jpg,WXY184,United States
us3/usimages/wa1188.png,ANYTEXT,United States
us3/usimages/nc514.png,MTC5982,United States
us3/usimages/nd662.png,HGM083,United States
us2/crops/wts-lg-000143.jpg,3127K,United States
us2/crops/wts-lg-000085.jpg,5DJ0529,United States
us3/usimages/ma1014.png,152JK8,United States
us3/usimages/pa1632.png,GHG5269,United States
us3/usimages/co1018.png,ABU4137,United States
us2/crops/wts-lg-000102.jpg,DL9E1U,United States
us3/usimages/mn1081.png,PAP263,United States
us3/usimages/ca1564.png,5AOJ230,United States
us2/crops/wts-lg-000013.jpg,DH5X9P,United States
us3/usimages/vt251.png,HAVFUN,United States
us3/usimages/or1331.png,UVE567,United States
us3/usimages/sc1114.png,ABC123,United States
us3/usimages/ma880.png,196XJY,United States
us3/usimages/nd1381.png,PL8DB8,United States
us3/usimages/hi1134.png,MZA275,United States
us3/usimages/md874.png,CTH523,United States
us2/crops/12c6cb72-3ea3-49e7-b381-e0cdfc5e8960.jpg,0SG719,United States
us3/usimages/wa1641.png,627WWI,United States
us3/usimages/id665.png,1AD849T,United States
us3/usimages/la1064.png,MRK589,United States
us3/usimages/mi1593.png,AQE66,United States
us3/usimages/nh932.png,1041608,United States
us2/crops/wts-lg-000035.jpg,XNR374,United States
us3/usimages/md520.png,07532F,United States
us3/usimages/id1567.png,46914,United States
us2/crops/wts-lg-000090.jpg,MH6V4L,United States
us3/usimages/dc1596.png,DZ1555,United States
us3/usimages/vt9.png,7684,United States
us3/usimages/dc1246.png,BR1932,United States
us2/crops/wts-lg-000135.jpg,CWM3083,United States
us3/usimages/ks50.png,034ADQ,United States
us2/crops/wts-lg-000147.jpg,8D79882,United States
us3/usimages/wy1235.png,248,United States
us3/usimages/va961.png,XXJ6610,United States
us3/usimages/nj1257.png,AAA0000,United States
us3/usimages/ri1080.png,12345,United States
us3/usimages/ma78.png,14CV10,United States
us3/usimages/nv1279.png,CRKSCRW,United States
us3/usimages/id513.png,1T10294,United States
us3/usimages/de0.png,508736,United States
us2/crops/wts-lg-000066.jpg,SGTE5,United States
us2/crops/wts-lg-000131.jpg,00256M1,United States
us3/usimages/nj45.png,BY993E,United States
us3/usimages/dc1542.png,CD3503,United States
us3/usimages/de1288.png,197659,United States
us3/usimages/tn8.png,270BFJ,United States
us3/usimages/fl512.png,CUST0M,United States
us3/usimages/or1609.png,UWQ789,United States
us3/usimages/or795.png,04503,United States
us3/usimages/va82.png,25895J,United States
us3/usimages/ne745.png,5D2772,United States
us3/usimages/il372.png,T299066,United States
us3/usimages/ms478.png,123ABC,United States
us2/crops/wts-lg-000175.jpg,CWL9084,United States
us3/usimages/ca359.png,6DZG261,United States
us3/usimages/il696.png,4069160,United States
us3/usimages/nh738.png,548873,United States
us3/usimages/md925.png,ARW072,United States
us3/usimages/tn1659.png,005GFN,United States
us2/crops/wts-lg-000174.jpg,5BDE732,United States
us2/crops/wts-lg-000146.jpg,4EEU387,United States
us3/usimages/va670.png,ACP4019,United States
us3/usimages/ca1591.png,P0W9999,United States
us3/usimages/nj552.png,YAH87F,United States
us2/crops/us5.jpg,NEILDMND,United States
us3/usimages/ms639.png,TAD856,United States
us3/usimages/ms1189.png,2C058,United States
us3/usimages/nj611.png,RPR15J,United States
us3/usimages/al47.png,2A9043J,United States
us2/crops/car9-9.jpg,AVP2403,United States
us2/crops/wts-lg-000195.jpg,8D79882,United States
us3/usimages/az158.png,FSM4EVR,United States
us3/usimages/nc1655.png,EXN2894,United States
us3/usimages/dc1575.png,CD8065,United States
us3/usimages/ok1261.png,202AER,United States
us3/usimages/il197.png,5205303,United States
us2/crops/wts-lg-000152.jpg,6UNP953,United States
us3/usimages/nc1443.png,2250,United States
us2/crops/wts-lg-000055.jpg,TRZ951,United States
us3/usimages/il596.png,QIU1688,United States
us3/usimages/ma49.png,2515,United States
us3/usimages/mi1175.png,CFA7360,United States
us3/usimages/ma912.png,5555,United States
us3/usimages/ca1629.png,4HFX108,United States
us3/usimages/id1485.png,2CZ3587,United States
us3/usimages/nv1667.png,351WLA,United States
us3/usimages/va341.png,1333LE,United States
us3/usimages/tn231.png,594CYK,United States
us3/usimages/la1356.png,UZTHE4C,United States
us2/crops/wts-lg-000046.jpg,BFN8484,United States
us3/usimages/il608.png,FAMILY,United States
us3/usimages/tn1220.png,824VFP,United States
us3/usimages/va1037.png,P0PQIZ,United States
us3/usimages/or206.png,000BBB,United States
us3/usimages/nc1289.png,ZVN3934,United States
us3/usimages/ct863.png,285XHK,United States
us2/crops/car9-7.jpg,ASV9218,United States
us3/usimages/va1011.png,602013,United States
us2/crops/wts-lg-000122.jpg,DK0H7Z,United States
us2/crops/wts-lg-000129.jpg,CRK4732,United States
us3/usimages/ca1543.png,ALKATRZ,United States
us3/usimages/va445.png,1279AX,United States
us3/usimages/nh567.png,2085885,United States
us3/usimages/al1259.png,KAA20C,United States
us3/usimages/mi242.png,G0LFING,United States
us2/crops/wts-lg-000084.jpg,5AEA911,United States
us3/usimages/wy23.png,1345D,United States
us2/crops/wts-lg-000172.jpg,8P62983,United States
us3/usimages/nj1238.png,W17K,United States
us3/usimages/wi264.png,962ARF,United States
us3/usimages/ut111.png,Z860VT,United States
us3/usimages/ri797.png,QT743,United States
us3/usimages/ri583.png,EE674,United States
us3/usimages/tx39.png,BB9H906,United States
us3/usimages/ar1308.png,355OCT,United States
us3/usimages/nm373.png,NM100,United States
us2/crops/wts-lg-000136.jpg,CYZ5139,United States
us3/usimages/wv80.png,4PB188,United States
us3/usimages/wv861.png,548,United States
us3/usimages/wi1588.png,956HFJ,United States
us3/usimages/nv679.png,599MAR,United States
us3/usimages/co1049.png,JX1000,United States
us3/usimages/ar127.png,991LNJ,United States
us2/crops/wts-lg-000037.jpg,RDN464,United States
us3/usimages/co184.png,371MHA,United States
us3/usimages/la1616.png,VTP781,United States
us3/usimages/nc1202.png,LXK5176,United States
us3/usimages/nm582.png,LMS301,United States
us3/usimages/va1164.png,1416EH,United States
us3/usimages/id400.png,B33333,United States
us2/crops/us6.jpg,HL0KTY1,United States
us3/usimages/tx1573.png,BB1B001,United States
us2/crops/33fa5185-0286-4e8f-b775-46162eba39d4.jpg,R820503,United States
us3/usimages/mn1140.png,ATHEIST,United States
us2/crops/wts-lg-000028.jpg,SK2W6K,United States
us3/usimages/ar726.png,324AZY,United States
us2/crops/0b86cecf-67d1-4fc0-87c9-b36b0ee228bb.jpg,YG9X2G,United States
us2/crops/wts-lg-000041.jpg,5LTA600,United States
us3/usimages/nj1174.png,KAP0R0,United States
us3/usimages/ca1194.png,Y0SPEED,United States
us2/crops/wts-lg-000164.jpg,BSB0399,United States
us3/usimages/nd1568.png,ECT977,United States
us2/crops/d4f79480-366a-40b6-ab2c-328bcba705b2.jpg,FB5X8T,United States
us3/usimages/pa1211.png,M0T0RZ,United States
us2/crops/car5.jpg,59CADI,United States
us3/usimages/ok919.png,002AGN,United States
us3/usimages/nc541.png,CURE4HD,United States
us2/crops/wts-lg-000179.jpg,SL7J8R,United States
us3/usimages/nd1227.png,CHVYSSR,United States
us3/usimages/mo1450.png,HF1C7G,United States
us3/usimages/ct839.png,444MWK,United States
us3/usimages/il1480.png,4233784,United States
us3/usimages/ms909.png,2AH616,United States
us3/usimages/ct233.png,251RGF,United States
us3/usimages/il804.png,5415791,United States
us3/usimages/in549.png,904AFL,United States
us3/usimages/ia1387.png,444NOQ,United States
us3/usimages/me1330.png,MDJJS5,United States
us3/usimages/pa905.png,GTX8962,United States
us3/usimages/al145.png,47A8D4C,United States
us3/usimages/nc969.png,SWEETTHING,United States
us3/usimages/ri669.png,EV516,United States
us3/usimages/nc1309.png,SHP1561,United States
us3/usimages/nc224.png,E074,United States
us3/usimages/id825.png,MNW235,United States
us3/usimages/pa1286.png,IQU010,United States
us3/usimages/mn332.png,523AEZ,United States
us2/crops/wts-lg-000126.jpg,6NZT067,United States
us3/usimages/az1193.png,4YA411,United States
us2/crops/21d8c31d-3deb-494b-9c63-c0223306fd82.jpg,2DA044,United States
us3/usimages/ct833.png,126PLK,United States
us3/usimages/mn64.png,EVA931,United States
us3/usimages/tn1647.png,345KHC,United States
us2/crops/wts-lg-000075.jpg,6LKR481,United States
us2/crops/wts-lg-000065.jpg,AC0M7V,United States
us2/crops/wts-lg-000193.jpg,RZN384,United States
us3/usimages/nm1423.png,LLL333,United States
us3/usimages/nd563.png,JLS011,United States
us3/usimages/ms1340.png,EJK553,United States
us2/crops/wts-lg-000137.jpg,CWW2245,United States
us3/usimages/ma246.png,4280,United States
us3/usimages/id140.png,DELIGRL,United States
us2/crops/wts-lg-000025.jpg,TZC207,United States
us3/usimages/tx1552.png,DB8R369,United States
us2/crops/wts-lg-000053.jpg,TNP222,United States
us3/usimages/la571.png,PCM050,United States
us3/usimages/va558.png,JRZYSHR,United States
us3/usimages/az443.png,AST3087,United States
us2/crops/wts-lg-000150.jpg,6WHS906,United States
us2/crops/wts-lg-000017.jpg,7FR971,United States
us3/usimages/de931.png,211907,United States
us3/usimages/il638.png,96381A,United States
us3/usimages/la691.png,VJT338,United States
us3/usimages/la1444.png,OQK466,United States
us3/usimages/ca857.png,5ZJC907,United States
us3/usimages/ms1062.png,015NF6,United States
us2/crops/wts-lg-000154.jpg,1366026,United States
us3/usimages/vt201.png,CKA375,United States
us2/crops/wts-lg-000124.jpg,5NCP692,United States
us3/usimages/ma1614.png,421EM9,United States
us3/usimages/or270.png,ANYTEXT,United States
us3/usimages/vt1092.png,GUTSY,United States
us3/usimages/ne979.png,RJL946,United States
us3/usimages/wa316.png,953TZY,United States
us3/usimages/nv1624.png,212UJM,United States
us3/usimages/co192.png,031XOP,United States
us3/usimages/wy368.png,5503F,United States
us2/crops/wts-lg-000187.jpg,UJ5E1A,United States
us2/crops/wts-lg-000018.jpg,CG2H2U,United States
us3/usimages/ca241.png,4NZK761,United States
us2/crops/wts-lg-000077.jpg,5ZUC921,United States
us3/usimages/me542.png,4303HI,United States
us3/usimages/nv756.png,839VGA,United States
us2/crops/car11.jpg,DG3C8P,United States
us3/usimages/ct704.png,644ETS,United States
us2/crops/4be2025c-09f7-4bb0-b1bd-8e8633e6dec1.jpg,UF2V5S,United States
us3/usimages/hi1106.png,KTE268,United States
us3/usimages/al1528.png,1G3296B,United States
us3/usimages/ct1475.png,725SLV,United States
us2/crops/wts-lg-000016.jpg,DL3C2Z,United States
us3/usimages/ut993.png,Z697BP,United States
us2/crops/wts-lg-000044.jpg,AJK7551,United States
us3/usimages/ca740.png,5ALN015,United States
us3/usimages/nc1407.png,KWV3918,United States
us3/usimages/me1432.png,16991,United States
us3/usimages/or985.png,34230,United States
us3/usimages/mt155.png,404148A,United States
us3/usimages/ny705.png,ABC2345,United States
us3/usimages/ca350.png,6MBV006,United States
us3/usimages/la806.png,X243499,United States
us3/usimages/ok667.png,786EQY,United States
us2/crops/wts-lg-000038.jpg,78188,United States
us2/crops/wts-lg-000162.jpg,CN2X798,United States
us2/crops/wts-lg-000163.jpg,CDK575,United States
us3/usimages/nm647.png,LJK920,United States
us3/usimages/pa118.png,PMM33,United States
us3/usimages/me847.png,100AJA,United States
us3/usimages/or1303.png,09144,United States
us2/crops/wts-lg-000132.jpg,7AHN739,United States
us3/usimages/dc1253.png,800002,United States
us2/crops/us10.jpg,CC2881,United States
us3/usimages/ny466.png,FAA4563,United States
us2/crops/wts-lg-000091.jpg,MJ3R1V,United States
us3/usimages/ar1258.png,541AXY,United States
us3/usimages/az381.png,919RMW,United States
us3/usimages/wy712.png,4779,United States
us3/usimages/ca1622.png,WC6DX,United States
us3/usimages/ks252.png,123SAM,United States
us3/usimages/nv483.png,552PML,United States
us3/usimages/fl920.png,N788BY,United States
us3/usimages/de1057.png,200000,United States
us3/usimages/mn110.png,7364,United States
us3/usimages/or1509.png,UZP660,United States
us3/usimages/il1302.png,H233308,United States
us3/usimages/fl1307.png,I404MY,United States
us3/usimages/me203.png,100AJA,United States
us3/usimages/mn1224.png,085NXE,United States
us3/usimages/la244.png,CZH964,United States
us3/usimages/hi503.png,KAB277,United States
us3/usimages/ms1467.png,RFI947,United States
us3/usimages/nj1428.png,PLT65K,United States
us3/usimages/ct83.png,267WJE,United States
us3/usimages/ar834.png,AAAC,United States
us3/usimages/nv100.png,LUVP0KR,United States
